{"20210411_zh4_Flight_01_00036.JPG8423548":{"filename":"20210411_zh4_Flight_01_00036.JPG","size":8423548,"regions":[{"shape_attributes":{"name":"polygon","all_points_x":[2397,2419,2484,2752,2783,2836,2794],"all_points_y":[682,1384,1475,1537,1314,1163,756]},"region_attributes":{"material":"clay"}},{"shape_attributes":{"name":"polygon","all_points_x":[1637,1636,1752,1833,1853,2041,2043,1861,1712],"all_points_y":[1498,1011,863,853,902,953,1477,1434,1444]},"region_attributes":{"material":"clay"}},{"shape_attributes":{"name":"polygon","all_points_x":[195,81,778,838,786,793,771,774,788],"all_points_y":[3288,3615,3773,3583,3526,3483,3468,3442,3406]},"region_attributes":{"material":"non-clay"}},{"shape_attributes":{"name":"polygon","all_points_x":[812,823,1603,2041,2050,1956,1466,1429,1407,1403,1315,1304,1276,1256,1256,1172,1135,1111,1039,992,944],"all_points_y":[511,771,890,948,727,526,468,454,454,468,459,446,433,439,441,435,410,424,417,386,408]},"region_attributes":{"material":"clay"}},{"shape_attributes":{"name":"polygon","all_points_x":[580,637,878,959,1091,898,760,711,700],"all_points_y":[2125,2285,2327,2279,1855,1791,1767,1982,1985]},"region_attributes":{"material":"clay"}},{"shape_attributes":{"name":"polygon","all_points_x":[937,1014,1025,1322,1232],"all_points_y":[1792,1565,1535,1583,1908]},"region_attributes":{"material":"clay"}},{"shape_attributes":{"name":"polygon","all_points_x":[239,421,705,703,590,577,628,305],"all_points_y":[2026,1901,1952,1976,2107,2129,2283,2224]},"region_attributes":{"material":"clay"}},{"shape_attributes":{"name":"polygon","all_points_x":[342,615,452,422,237,298,70,48,309],"all_points_y":[1313,1401,1899,1897,2017,2217,2167,2103,1350]},"region_attributes":{"material":"clay"}},{"shape_attributes":{"name":"polygon","all_points_x":[169,287,871,860,815,808,837,61,4,2,163],"all_points_y":[1043,738,823,784,771,512,476,369,498,983,1049]},"region_attributes":{"material":"clay"}},{"shape_attributes":{"name":"polygon","all_points_x":[871,893,1376,1365,1460,981],"all_points_y":[1131,1326,1409,1218,1129,1049]},"region_attributes":{"material":"clay"}},{"shape_attributes":{"name":"polygon","all_points_x":[586,553,584,601,567,823,852,814,850],"all_points_y":[1107,1205,1203,1238,1326,1374,1273,1247,1142]},"region_attributes":{"material":"non-clay"}},{"shape_attributes":{"name":"polygon","all_points_x":[819,847,867,905,876,856,1039,1444,1243,880,836,786,799,770,773,786,819],"all_points_y":[3399,3293,3293,3140,3129,2997,2770,2847,3614,3631,3579,3522,3480,3466,3438,3405,3407]},"region_attributes":{"material":"clay"}},{"shape_attributes":{"name":"polygon","all_points_x":[173,173,1027,852,848,522,485,400,11,4],"all_points_y":[2599,2602,2768,2988,3017,2946,3091,3124,3047,2722]},"region_attributes":{"material":"clay"}},{"shape_attributes":{"name":"polygon","all_points_x":[1638,1647,2033,2110,2140,1638],"all_points_y":[2893,2885,2961,3069,3991,3996]},"region_attributes":{"material":"clay"}},{"shape_attributes":{"name":"polygon","all_points_x":[1510,1671,1669,1489,1488,2046,2061,1961,1442],"all_points_y":[2160,2189,1903,1927,1620,1576,2452,2533,2444]},"region_attributes":{"material":"clay"}},{"shape_attributes":{"name":"polygon","all_points_x":[2825,3433,3414,3365,2770,2790],"all_points_y":[1284,1387,1495,1680,1574,1361]},"region_attributes":{"material":"clay"}},{"shape_attributes":{"name":"polygon","all_points_x":[3354,3346,3442,3574,3642,3633,3732,3688,3297,3348],"all_points_y":[305,307,261,287,354,389,415,637,564,303]},"region_attributes":{"material":"clay"}},{"shape_attributes":{"name":"polygon","all_points_x":[3763,3699,4029,4103],"all_points_y":[334,630,703,393]},"region_attributes":{"material":"clay"}},{"shape_attributes":{"name":"polygon","all_points_x":[3770,3732,4022,4059,3772],"all_points_y":[129,316,373,167,116]},"region_attributes":{"material":"non-clay"}},{"shape_attributes":{"name":"polygon","all_points_x":[3407,3688,3647,3576,3447,3354],"all_points_y":[50,101,351,285,259,299]},"region_attributes":{"material":"clay"}},{"shape_attributes":{"name":"polygon","all_points_x":[3412,4237,4268,4206,3383],"all_points_y":[1394,1550,1646,1809,1636]},"region_attributes":{"material":"clay"}},{"shape_attributes":{"name":"polygon","all_points_x":[4446,4478,4496,4454,4213,4266],"all_points_y":[1657,1695,1745,1860,1809,1624]},"region_attributes":{"material":"clay"}},{"shape_attributes":{"name":"polygon","all_points_x":[3096,3060,3361,3390],"all_points_y":[867,1028,1085,924]},"region_attributes":{"material":"non-clay"}},{"shape_attributes":{"name":"polygon","all_points_x":[2894,3090,3056,2824,2807],"all_points_y":[831,864,1014,967,813]},"region_attributes":{"material":"non-clay"}},{"shape_attributes":{"name":"polygon","all_points_x":[2896,2874,3185,3293,3196,3107],"all_points_y":[296,474,536,108,2,327]},"region_attributes":{"material":"clay"}},{"shape_attributes":{"name":"polygon","all_points_x":[2478,2555,3282,3218,2483],"all_points_y":[1972,1906,2057,2391,2239]},"region_attributes":{"material":"clay"}},{"shape_attributes":{"name":"polygon","all_points_x":[3163,3096,4059,4116,4103],"all_points_y":[2558,2878,3080,2924,2744]},"region_attributes":{"material":"clay"}},{"shape_attributes":{"name":"polygon","all_points_x":[3164,3168,2540,2533,2758,3012,3008,3111],"all_points_y":[3051,3052,2918,3297,3383,3412,3359,3370]},"region_attributes":{"material":"clay"}},{"shape_attributes":{"name":"polygon","all_points_x":[3383,3324,3612,3624,3794,3794,4081,4152],"all_points_y":[3076,3412,3493,3436,3477,3517,3585,3229]},"region_attributes":{"material":"non-clay"}},{"shape_attributes":{"name":"polygon","all_points_x":[3030,3060,2560,2527,2764],"all_points_y":[3425,3978,3993,3302,3403]},"region_attributes":{"material":"clay"}},{"shape_attributes":{"name":"polygon","all_points_x":[4253,4264,4208,4874,4951,4911],"all_points_y":[2782,2970,3139,3267,3106,2907]},"region_attributes":{"material":"clay"}},{"shape_attributes":{"name":"polygon","all_points_x":[3370,3352,3308,4134,4219,4184],"all_points_y":[2084,2226,2408,2595,2413,2263]},"region_attributes":{"material":"clay"}},{"shape_attributes":{"name":"polygon","all_points_x":[3640,3603,4312,4428,4929,4955],"all_points_y":[975,1174,1322,1467,1565,1249]},"region_attributes":{"material":"clay"}},{"shape_attributes":{"name":"polygon","all_points_x":[4951,5039,4935,4422,4500,4478],"all_points_y":[1789,1871,2033,1919,1767,1688]},"region_attributes":{"material":"clay"}},{"shape_attributes":{"name":"polygon","all_points_x":[4973,5102,5102,5433,5410,4909],"all_points_y":[1798,1827,1844,1923,2136,2037]},"region_attributes":{"material":"clay"}},{"shape_attributes":{"name":"polygon","all_points_x":[5185,5161,5425,5455,5539,5480,5783,5829,5908,5552],"all_points_y":[1271,1596,1651,1612,1644,2123,2204,2143,1460,1333]},"region_attributes":{"material":"clay"}},{"shape_attributes":{"name":"polygon","all_points_x":[4428,4388,4356,4343,4579,4595,4777,4771,4997,5146,5144],"all_points_y":[2305,2612,2628,2650,2698,2669,2711,2735,2781,2604,2465]},"region_attributes":{"material":"clay"}},{"shape_attributes":{"name":"polygon","all_points_x":[4272,4272,4266,4182,4661,4689,4566],"all_points_y":[3267,3249,3269,3552,3680,3510,3317]},"region_attributes":{"material":"non-clay"}},{"shape_attributes":{"name":"polygon","all_points_x":[2523,2512,2631,2945,2939,2989,2942,2893,2865,2526],"all_points_y":[2446,2449,2361,2430,2537,2559,2752,2736,2848,2771]},"region_attributes":{"material":"non-clay"}},{"shape_attributes":{"name":"polygon","all_points_x":[4105,4284,4303,4576,4664,4983,4975,5229,5234,4906,4915,4083],"all_points_y":[358,380,322,377,320,388,493,559,835,769,678,526]},"region_attributes":{"material":"non-clay"}}],"file_attributes":{}}}